,close
1971-01-31,38.1
1971-02-28,38.75
1971-03-31,38.75
1971-04-30,38.95
1971-05-31,40.8
1971-06-30,40.8
1971-07-31,40.1
1971-08-31,43.23
1971-09-30,42.25
1971-10-31,42.25
1971-11-30,42.15
1971-12-31,43.4
1972-01-31,46.2
1972-02-29,46.2
1972-03-31,48.3
1972-04-30,49.43
1972-05-31,49.43
1972-06-30,58.8
1972-07-31,65.1
1972-08-31,67.3
1972-09-30,67.3
1972-10-31,65.63
1972-11-30,61.6
1972-12-31,64.83
1973-01-31,64.83
1973-02-28,68.9
1973-03-31,81.4
1973-04-30,81.4
1973-05-31,90.4
1973-06-30,116.0
1973-07-31,119.5
1973-08-31,119.5
1973-09-30,106.98
1973-10-31,102.0
1973-11-30,101.5
1973-12-31,101.5
1974-01-31,120.5
1974-02-28,151.5
1974-03-31,151.5
1974-04-30,177.6
1974-05-31,164.25
1974-06-30,143.65
1974-07-31,143.65
1974-08-31,152.5
1974-09-30,149.4
1974-10-31,166.4
1974-11-30,166.4
1974-12-31,174.0
1975-01-31,174.0
1975-02-28,174.0
1975-03-31,179.25
1975-04-30,167.0
1975-05-31,170.0
1975-06-30,170.0
1975-07-31,164.5
1975-08-31,161.65
1975-09-30,161.65
1975-10-31,144.5
1975-11-30,143.7
1975-12-31,140.5
1976-01-31,140.5
1976-02-29,128.75
1976-03-31,134.3
1976-04-30,128.0
1976-05-31,128.0
1976-06-30,126.75
1976-07-31,111.25
1976-08-31,111.25
1976-09-30,107.35
1976-10-31,114.9
1976-11-30,131.3
1976-12-31,131.3
1977-01-31,132.82
1977-02-28,136.45
1977-03-31,149.8
1977-04-30,149.8
1977-05-31,147.1
1977-06-30,140.2
1977-07-31,140.2
1977-08-31,146.5
1977-09-30,147.85
1977-10-31,161.55
1977-11-30,161.55
1977-12-31,160.4
1978-01-31,172.85
1978-02-28,172.85
1978-03-31,183.5
1978-04-30,179.4
1978-05-31,179.35
1978-06-30,179.35
1978-07-31,183.45
1978-08-31,210.45
1978-09-30,217.45
1978-10-31,217.45
1978-11-30,216.6
1978-12-31,213.25
1979-01-31,213.25
1979-02-28,232.4
1979-03-31,239.8
1979-04-30,242.25
1979-05-31,242.25
1979-06-30,279.3
1979-07-31,300.1
1979-08-31,318.65
1979-09-30,318.65
1979-10-31,400.0
1979-11-30,394.85
1979-12-31,394.85
1980-01-31,632.0
1980-02-29,688.0
1980-03-31,486.0
1980-04-30,486.0
1980-05-31,513.75
1980-06-30,598.0
1980-07-31,618.0
1980-08-31,618.0
1980-09-30,676.5
1980-10-31,649.25
1980-11-30,649.25
1980-12-31,632.7
1981-01-31,566.75
1981-02-28,495.25
1981-03-31,495.25
1981-04-30,512.0
1981-05-31,480.0
1981-06-30,480.0
1981-07-31,410.0
1981-08-31,407.5
1981-09-30,450.5
1981-10-31,450.5
1981-11-30,428.9
1981-12-31,418.0
1982-01-31,381.5
1982-02-28,381.5
1982-03-31,334.0
1982-04-30,344.75
1982-05-31,344.75
1982-06-30,322.0
1982-07-31,347.75
1982-08-31,417.5
1982-09-30,417.5
1982-10-31,417.25
1982-11-30,409.25
1982-12-31,457.25
1983-01-31,457.25
1983-02-28,494.75
1983-03-31,415.0
1983-04-30,415.0
1983-05-31,435.0
1983-06-30,410.75
1983-07-31,426.0
1983-08-31,426.0
1983-09-30,414.5
1983-10-31,390.0
1983-11-30,390.0
1983-12-31,398.5
1984-01-31,371.25
1984-02-29,399.75
1984-03-31,399.75
1984-04-30,381.6
1984-05-31,376.65
1984-06-30,371.5
1984-07-31,371.5
1984-08-31,344.25
1984-09-30,340.0
1984-10-31,340.0
1984-11-30,333.85
1984-12-31,326.4
1985-01-31,301.9
1985-02-28,301.9
1985-03-31,289.3
1985-04-30,325.5
1985-05-31,315.0
1985-06-30,315.0
1985-07-31,313.8
1985-08-31,337.6
1985-09-30,337.6
1985-10-31,324.35
1985-11-30,325.0
1985-12-31,324.85
1986-01-31,324.85
1986-02-28,337.1
1986-03-31,350.6
1986-04-30,350.6
1986-05-31,345.6
1986-06-30,347.95
1986-07-31,348.5
1986-08-31,348.5
1986-09-30,404.0
1986-10-31,426.0
1986-11-30,382.3
1986-12-31,382.3
1987-01-31,401.6
1987-02-28,392.6
1987-03-31,392.6
1987-04-30,420.25
1987-05-31,460.0
1987-06-30,439.0
1987-07-31,439.0
1987-08-31,468.85
1987-09-30,458.8
1987-10-31,474.05
1987-11-30,474.05
1987-12-31,484.5
1988-01-31,476.5
1988-02-29,476.5
1988-03-31,429.15
1988-04-30,447.0
1988-05-31,453.0
1988-06-30,453.0
1988-07-31,439.15
1988-08-31,430.2
1988-09-30,398.6
1988-10-31,398.6
1988-11-30,422.25
1988-12-31,415.6
1989-01-31,415.6
1989-02-28,392.7
1989-03-31,391.0
1989-04-30,384.75
1989-05-31,384.75
1989-06-30,374.6
1989-07-31,368.8
1989-08-31,359.6
1989-09-30,359.6
1989-10-31,362.55
1989-11-30,408.1
1989-12-31,408.1
1990-01-31,394.95
1990-02-28,417.05
1990-03-31,370.75
1990-04-30,370.75
1990-05-31,371.0
1990-06-30,350.0
1990-07-31,350.0
1990-08-31,382.6
1990-09-30,382.15
1990-10-31,373.9
1990-11-30,373.9
1990-12-31,373.8
1991-01-31,383.5
1991-02-28,363.0
1991-03-31,363.0
1991-04-30,360.75
1991-05-31,355.0
1991-06-30,355.0
1991-07-31,369.4
1991-08-31,358.0
1991-09-30,352.3
1991-10-31,352.3
1991-11-30,355.3
1991-12-31,357.95
1992-01-31,356.5
1992-02-29,356.5
1992-03-31,348.65
1992-04-30,338.6
1992-05-31,338.6
1992-06-30,338.65
1992-07-31,353.15
1992-08-31,338.75
1992-09-30,338.75
1992-10-31,350.0
1992-11-30,333.6
1992-12-31,332.9
1993-01-31,332.9
1993-02-28,331.65
1993-03-31,332.65
1993-04-30,332.65
1993-05-31,356.1
1993-06-30,369.4
1993-07-31,394.3
1993-08-31,394.3
1993-09-30,351.35
1993-10-31,371.55
1993-11-30,371.55
1993-12-31,374.5
1994-01-31,384.75
1994-02-28,376.0
1994-03-31,376.0
1994-04-30,384.95
1994-05-31,383.0
1994-06-30,385.4
1994-07-31,385.4
1994-08-31,376.7
1994-09-30,393.95
1994-10-31,393.95
1994-11-30,383.9
1994-12-31,380.1
1995-01-31,380.5
1995-02-28,380.5
1995-03-31,381.0
1995-04-30,393.35
1995-05-31,393.35
1995-06-30,383.2
1995-07-31,389.3
1995-08-31,383.1
1995-09-30,383.1
1995-10-31,383.35
1995-11-30,386.65
1995-12-31,386.65
1996-01-31,386.65
1996-02-29,386.65
1996-03-31,386.65
1996-04-30,386.65
1996-05-31,392.8
1996-06-30,384.8
1996-07-31,385.05
1996-08-31,385.05
1996-09-30,386.0
1996-10-31,380.55
1996-11-30,372.2
1996-12-31,372.2
1997-01-31,354.5
1997-02-28,344.85
1997-03-31,344.85
1997-04-30,349.1
1997-05-31,348.1
1997-06-30,337.9
1997-07-31,337.9
1997-08-31,318.95
1997-09-30,320.65
1997-10-31,314.0
1997-11-30,314.0
1997-12-31,286.15
1998-01-31,293.8
1998-02-28,293.8
1998-03-31,294.7
1998-04-30,306.3
1998-05-31,293.4
1998-06-30,293.4
1998-07-31,292.2
1998-08-31,283.7
1998-09-30,283.7
1998-10-31,299.0
1998-11-30,293.0
1998-12-31,286.65
1999-01-31,286.65
1999-02-28,287.25
1999-03-31,284.35
1999-04-30,283.7
1999-05-31,283.7
1999-06-30,258.35
1999-07-31,255.35
1999-08-31,255.35
1999-09-30,254.05
1999-10-31,322.65
1999-11-30,298.5
1999-12-31,298.5
2000-01-31,280.35
2000-02-29,306.25
2000-03-31,276.7
2000-04-30,276.7
2000-05-31,277.0
2000-06-30,286.1
2000-07-31,286.1
2000-08-31,276.65
2000-09-30,272.8
2000-10-31,266.75
2000-11-30,266.75
2000-12-31,275.1
2001-01-31,264.1
2001-02-28,264.1
2001-03-31,266.7
2001-04-30,259.4
2001-05-31,283.45
2001-06-30,283.45
2001-07-31,267.55
2001-08-31,275.1
2001-09-30,291.25
2001-10-31,291.25
2001-11-30,280.2
2001-12-31,276.25
2002-01-31,281.5
2002-02-28,281.5
2002-03-31,292.7
2002-04-30,305.1
2002-05-31,305.1
2002-06-30,322.9
2002-07-31,316.6
2002-08-31,310.65
2002-09-30,310.65
2002-10-31,319.5
2002-11-30,318.4
2002-12-31,318.4
2003-01-31,342.2
2003-02-28,354.25
2003-03-31,333.15
2003-04-30,333.15
2003-05-31,341.4
2003-06-30,356.45
2003-07-31,355.75
2003-08-31,355.75
2003-09-30,379.05
2003-10-31,386.75
2003-11-30,386.75
2003-12-31,402.4
2004-01-31,415.5
2004-02-29,395.05
2004-03-31,395.05
2004-04-30,422.0
2004-05-31,380.45
2004-06-30,380.45
2004-07-31,394.5
2004-08-31,396.25
2004-09-30,408.05
2004-10-31,408.05
2004-11-30,426.3
2004-12-31,441.25
2005-01-31,426.3
2005-02-28,426.3
2005-03-31,440.05
2005-04-30,433.4
2005-05-31,433.4
2005-06-30,417.2
2005-07-31,422.5
2005-08-31,439.0
2005-09-30,439.0
2005-10-31,466.3
2005-11-30,480.75
2005-12-31,517.0
2006-01-31,517.0
2006-02-28,559.0
2006-03-31,548.0
2006-04-30,548.0
2006-05-31,664.65
2006-06-30,574.25
2006-07-31,634.2
2006-08-31,634.2
2006-09-30,634.0
2006-10-31,589.75
2006-11-30,638.4
2006-12-31,638.4
2007-01-31,613.5
2007-02-28,676.4
2007-03-31,676.4
2007-04-30,672.6
2007-05-31,663.2
2007-06-30,645.7
2007-07-31,645.7
2007-08-31,670.85
2007-09-30,727.75
2007-10-31,727.75
2007-11-30,792.0
2007-12-31,809.0
2008-01-31,891.5
2008-02-29,891.5
2008-03-31,986.25
2008-04-30,951.5
2008-05-31,893.0
2008-06-30,893.0
2008-07-31,930.75
2008-08-31,821.0
2008-09-30,821.0
2008-10-31,866.25
2008-11-30,714.0
2008-12-31,836.75
2009-01-31,836.75
2009-02-28,914.75
2009-03-31,937.25
2009-04-30,889.0
2009-05-31,889.0
2009-06-30,953.0
2009-07-31,955.25
2009-08-31,955.25
2009-09-30,982.5
2009-10-31,1052.5
2009-11-30,1183.0
2009-12-31,1183.0
2010-01-31,1130.75
2010-02-28,1105.5
2010-03-31,1105.5
2010-04-30,1116.0
2010-05-31,1235.0
2010-06-30,1233.25
2010-07-31,1233.25
2010-08-31,1195.5
2010-09-30,1271.25
2010-10-31,1326.5
2010-11-30,1326.5
2010-12-31,1382.0
2011-01-31,1364.5
2011-02-28,1364.5
2011-03-31,1430.5
2011-04-30,1457.5
2011-05-31,1521.5
2011-06-30,1521.5
2011-07-31,1526.25
2011-08-31,1794.5
2011-09-30,1620.0
2011-10-31,1620.0
2011-11-30,1766.0
2011-12-31,1609.0
2012-01-31,1609.0
2012-02-29,1747.5
2012-03-31,1646.75
2012-04-30,1648.25
2012-05-31,1648.25
2012-06-30,1620.75
2012-07-31,1580.0
2012-08-31,1657.0
2012-09-30,1657.0
2012-10-31,1767.25
2012-11-30,1729.75
2012-12-31,1729.75
2013-01-31,1684.5
2013-02-28,1644.0
2013-03-31,1602.5
2013-04-30,1602.5
2013-05-31,1469.5
2013-06-30,1303.25
2013-07-31,1303.25
2013-08-31,1323.75
2013-09-30,1340.25
2013-10-31,1336.25
2013-11-30,1336.25
2013-12-31,1234.0
2014-01-31,1237.25
2014-02-28,1331.0
2014-03-31,1331.0
2014-04-30,1321.5
2014-05-31,1294.5
2014-06-30,1294.5
2014-07-31,1322.5
2014-08-31,1315.0
2014-09-30,1210.5
2014-10-31,1210.5
2014-11-30,1144.5
2014-12-31,1210.75
2015-01-31,1275.5
2015-02-28,1275.5
2015-03-31,1161.25
2015-04-30,1187.75
2015-05-31,1187.75
2015-06-30,1182.45
2015-07-31,1145.1
2015-08-31,1128.5
2015-09-30,1128.5
2015-10-31,1143.3
2015-11-30,1073.1
2015-12-31,1062.25
2016-01-31,1062.25
2016-02-29,1223.25
2016-03-31,1216.45
2016-04-30,1216.45
2016-05-31,1275.75
2016-06-30,1307.0
2016-07-31,1341.3
2016-08-31,1341.3
2016-09-30,1348.0
2016-10-31,1269.2
2016-11-30,1269.2
2016-12-31,1168.75
2017-01-31,1206.65
2017-02-28,1237.35
2017-03-31,1237.35
2017-04-30,1253.75
2017-05-31,1261.35
2017-06-30,1246.6
2017-07-31,1246.6
2017-08-31,1278.9
2017-09-30,1297.35
2017-10-31,1297.35
2017-11-30,1276.4
2017-12-31,1255.6
2018-01-31,1360.25
2018-02-28,1360.25
2018-03-31,1325.4
2018-04-30,1347.9
2018-05-31,1303.5
2018-06-30,1303.5
2018-07-31,1244.85
2018-08-31,1187.3
2018-09-30,1187.3
2018-10-31,1199.45
2018-11-30,1210.6
2018-12-31,1271.1
2019-01-31,1271.1
2019-02-28,1306.6
2019-03-31,1317.3
2019-04-30,1317.3
2019-05-31,1271.45
2019-06-30,1335.8
2019-07-31,1426.35
2019-08-31,1426.35
2019-09-30,1542.6
2019-10-31,1484.45
2019-11-30,1457.55
2019-12-31,1457.55
2020-01-31,1547.85
2020-02-29,1610.35
2020-03-31,1610.35
2020-04-30,1588.05
2020-05-31,1716.4
2020-06-30,1758.55
2020-07-31,1758.55
2020-08-31,2049.15
2020-09-30,1936.1
2020-10-31,1876.85
2020-11-30,1876.85
2020-12-31,1834.2
2021-01-31,1867.65
2021-02-28,1867.65
2021-03-31,1710.05
2021-04-30,1748.0
2021-05-31,1895.05
2021-06-30,1895.05
2021-07-31,1810.25
2021-08-31,1788.2
2021-09-30,1730.95
2021-10-31,1730.95
2021-11-30,1859.25
2021-12-31,1805.55
2022-01-31,1805.55
2022-02-28,1803.75
2022-03-31,1941.4
2022-04-30,1890.0
2022-05-31,1890.0
2022-06-30,1849.25
2022-07-31,1686.55
2022-08-31,1686.55
2022-09-30,1706.0
2022-10-31,1676.4
2022-11-30,1755.25
2022-12-31,1755.25
2023-01-31,1850.25
2023-02-28,1837.3
2023-03-31,1968.1
2023-04-30,1968.1
2023-05-31,2025.75
2023-06-30,1927.95
2023-07-31,1927.95
2023-08-31,1936.9
2023-09-30,1906.45
2023-10-31,1991.45
2023-11-30,1991.45
2023-12-31,2033.3
2024-01-31,2012.2
2024-02-29,2032.8
2024-03-31,2032.8
2024-04-30,2331.75
2024-05-31,2361.8
2024-06-30,2361.8
2024-07-31,2357.2
2024-08-31,2456.25
2024-09-30,2668.9
2024-10-31,2668.9
2024-11-30,2667.05
2024-12-31,2621.3
2025-01-31,2778.15
2025-02-28,2778.15
2025-03-31,2944.65
2025-04-30,3331.05
2025-05-31,3331.05
2025-06-30,3385.6
2025-07-31,3329.3
2025-08-31,3397.85
2025-09-30,3397.85
2025-10-31,4040.6
2025-11-30,4062.55
2025-12-31,4062.55
2026-01-31,4062.55
2026-02-28,5063.25
2026-03-31,4442.8
2026-04-30,4442.8
2026-05-31,4734.15
2026-06-30,4264.9
2026-07-31,4061.5
2026-08-31,4340.5
