,ret
1989-07-31,0.012999999999999998
1989-08-31,0.023700000000000002
1989-09-30,0.1506
1989-10-31,-0.015
1989-11-30,0.0141
1989-12-31,0.0754
1990-01-31,0.015899999999999997
1990-02-28,0.0433
1990-03-31,-0.044300000000000006
1990-04-30,-0.004300000000000002
1990-05-31,0.08810000000000001
1990-06-30,0.042800000000000005
1990-07-31,0.0781
1990-08-31,-0.1263
1990-09-30,-0.11030000000000001
1990-10-31,0.0169
1990-11-30,-0.0373
1990-12-31,0.0074
1991-01-31,0.0254
1991-02-28,0.1279
1991-03-31,0.027999999999999997
1991-04-30,0.005900000000000001
1991-05-31,0.0496
1991-06-30,-0.0345
1991-07-31,0.0148
1991-08-31,0.0055000000000000005
1991-09-30,-0.0304
1991-10-31,0.051899999999999995
1991-11-30,-0.0009999999999999998
1991-12-31,0.08900000000000001
1992-01-31,0.09
1992-02-29,0.0475
1992-03-31,-0.0231
1992-04-30,-0.0063999999999999994
1992-05-31,-0.0032999999999999995
1992-06-30,-0.0739
1992-07-31,-0.0018
1992-08-31,-0.0338
1992-09-30,-0.0096
1992-10-31,0.04630000000000001
1992-11-30,-0.0049
1992-12-31,0.0225
1993-01-31,-0.0063
1993-02-28,0.033400000000000006
1993-03-31,0.0345
1993-04-30,0.0433
1993-05-31,0.0433
1993-06-30,0.0049
1993-07-31,0.0369
1993-08-31,0.0851
1993-09-30,0.0487
1993-10-31,0.0964
1993-11-30,0.06269999999999999
1993-12-31,0.18469999999999998
1994-01-31,-0.011000000000000001
1994-02-28,-0.01
1994-03-31,-0.11349999999999999
1994-04-30,-0.0025
1994-05-31,0.0188
1994-06-30,-0.029899999999999996
1994-07-31,0.06520000000000001
1994-08-31,0.12179999999999999
1994-09-30,0.0258
1994-10-31,-0.0284
1994-11-30,-0.0433
1994-12-31,-0.0907
1995-01-31,-0.12369999999999999
1995-02-28,0.0054
1995-03-31,-0.0012999999999999995
1995-04-30,0.026000000000000002
1995-05-31,0.0581
1995-06-30,0.0053
1995-07-31,0.0302
1995-08-31,-0.023899999999999998
1995-09-30,-0.0045000000000000005
1995-10-31,-0.0349
1995-11-30,-0.011200000000000002
1995-12-31,0.03440000000000001
1996-01-31,0.08879999999999999
1996-02-29,-0.0232
1996-03-31,0.0121
1996-04-30,0.0254
1996-05-31,-0.013500000000000002
1996-06-30,0.011200000000000002
1996-07-31,-0.0541
1996-08-31,0.030300000000000004
1996-09-30,0.0151
1996-10-31,-0.017800000000000003
1996-11-30,0.015
1996-12-31,0.0066
1997-01-31,0.0707
1997-02-28,0.051699999999999996
1997-03-31,-0.0215
1997-04-30,-0.02
1997-05-31,0.031799999999999995
1997-06-30,0.047400000000000005
1997-07-31,0.0079
1997-08-31,-0.11209999999999999
1997-09-30,0.0174
1997-10-31,-0.1588
1997-11-30,-0.054000000000000006
1997-12-31,0.0003999999999999998
1998-01-31,-0.0617
1998-02-28,0.1056
1998-03-31,0.0409
1998-04-30,0.0077
1998-05-31,-0.1041
1998-06-30,-0.102
1998-07-31,0.0225
1998-08-31,-0.24530000000000002
1998-09-30,0.0405
1998-10-31,0.0808
1998-11-30,0.0643
1998-12-31,-0.0173
1999-01-31,-0.015499999999999998
1999-02-28,0.0021999999999999997
1999-03-31,0.09119999999999999
1999-04-30,0.1069
1999-05-31,0.0118
1999-06-30,0.10610000000000001
1999-07-31,-0.013900000000000001
1999-08-31,0.028000000000000004
1999-09-30,-0.0301
1999-10-31,0.0333
1999-11-30,0.0868
1999-12-31,0.1182
2000-01-31,0.0083
2000-02-29,0.0294
2000-03-31,0.006499999999999999
2000-04-30,-0.10869999999999999
2000-05-31,-0.026000000000000002
2000-06-30,0.0222
2000-07-31,-0.04650000000000001
2000-08-31,0.00020000000000000017
2000-09-30,-0.0924
2000-10-31,-0.08639999999999999
2000-11-30,-0.08439999999999999
2000-12-31,0.013000000000000001
2001-01-31,0.12010000000000001
2001-02-28,-0.06520000000000001
2001-03-31,-0.0817
2001-04-30,0.0393
2001-05-31,0.0106
2001-06-30,-0.0179
2001-07-31,-0.0664
2001-08-31,-0.015300000000000001
2001-09-30,-0.14400000000000002
2001-10-31,0.053
2001-11-30,0.0983
2001-12-31,0.0824
2002-01-31,0.0308
2002-02-28,0.0131
2002-03-31,0.0661
2002-04-30,0.0028000000000000004
2002-05-31,-0.0213
2002-06-30,-0.0736
2002-07-31,-0.0608
2002-08-31,0.0113
2002-09-30,-0.1099
2002-10-31,0.0608
2002-11-30,0.061200000000000004
2002-12-31,-0.0275
2003-01-31,0.001
2003-02-28,-0.029000000000000005
2003-03-31,-0.0321
2003-04-30,0.0932
2003-05-31,0.0717
2003-06-30,0.05979999999999999
2003-07-31,0.051000000000000004
2003-08-31,0.06570000000000001
2003-09-30,0.016900000000000002
2003-10-31,0.0748
2003-11-30,0.012199999999999999
2003-12-31,0.0742
2004-01-31,0.0363
2004-02-29,0.0463
2004-03-31,0.016800000000000002
2004-04-30,-0.06860000000000001
2004-05-31,-0.019499999999999997
2004-06-30,0.005699999999999999
2004-07-31,-0.018299999999999997
2004-08-31,0.041400000000000006
2004-09-30,0.059500000000000004
2004-10-31,0.029099999999999997
2004-11-30,0.0857
2004-12-31,0.0558
2005-01-31,0.0083
2005-02-28,0.0861
2005-03-31,-0.058600000000000006
2005-04-30,-0.0258
2005-05-31,0.033600000000000005
2005-06-30,0.037000000000000005
2005-07-31,0.0669
2005-08-31,0.0101
2005-09-30,0.087
2005-10-31,-0.0582
2005-11-30,0.0783
2005-12-31,0.0626
2006-01-31,0.10279999999999999
2006-02-28,0.005
2006-03-31,0.011099999999999999
2006-04-30,0.0757
2006-05-31,-0.09880000000000001
2006-06-30,-0.0104
2006-07-31,0.0127
2006-08-31,0.0302
2006-09-30,0.0106
2006-10-31,0.0466
2006-11-30,0.0764
2006-12-31,0.04630000000000001
2007-01-31,-0.0073
2007-02-28,0.0023
2007-03-31,0.0432
2007-04-30,0.050300000000000004
2007-05-31,0.0558
2007-06-30,0.04680000000000001
2007-07-31,0.0596
2007-08-31,-0.0297
2007-09-30,0.0925
2007-10-31,0.09880000000000001
2007-11-30,-0.0673
2007-12-31,0.0126
2008-01-31,-0.12179999999999999
2008-02-29,0.0697
2008-03-31,-0.047400000000000005
2008-04-30,0.0717
2008-05-31,0.02
2008-06-30,-0.0943
2008-07-31,-0.0406
2008-08-31,-0.08039999999999999
2008-09-30,-0.17920000000000003
2008-10-31,-0.2723
2008-11-30,-0.0781
2008-12-31,0.0741
2009-01-31,-0.0641
2009-02-28,-0.050600000000000006
2009-03-31,0.1374
2009-04-30,0.16990000000000002
2009-05-31,0.17980000000000002
2009-06-30,-0.013999999999999999
2009-07-31,0.111
2009-08-31,0.0003
2009-09-30,0.0941
2009-10-31,-0.0025
2009-11-30,0.04190000000000001
2009-12-31,0.0464
2010-01-31,-0.0455
2010-02-28,0.0066
2010-03-31,0.0812
2010-04-30,0.0152
2010-05-31,-0.08870000000000001
2010-06-30,-0.0022
2010-07-31,0.0815
2010-08-31,-0.0144
2010-09-30,0.11220000000000001
2010-10-31,0.029899999999999996
2010-11-30,-0.0227
2010-12-31,0.0725
2011-01-31,-0.023700000000000002
2011-02-28,-0.0169
2011-03-31,0.055099999999999996
2011-04-30,0.0373
2011-05-31,-0.025699999999999997
2011-06-30,-0.014499999999999999
2011-07-31,0.0034999999999999996
2011-08-31,-0.0907
2011-09-30,-0.1482
2011-10-31,0.1215
2011-11-30,-0.0636
2011-12-31,-0.0128
2012-01-31,0.1115
2012-02-29,0.0633
2012-03-31,-0.0292
2012-04-30,-0.0161
2012-05-31,-0.1036
2012-06-30,0.036699999999999997
2012-07-31,0.0132
2012-08-31,0.005600000000000001
2012-09-30,0.0579
2012-10-31,-0.0067
2012-11-30,0.0109
2012-12-31,0.051
2013-01-31,0.0175
2013-02-28,-0.0083
2013-03-31,-0.0121
2013-04-30,0.0109
2013-05-31,-0.0189
2013-06-30,-0.0644
2013-07-31,0.0158
2013-08-31,-0.024900000000000002
2013-09-30,0.068
2013-10-31,0.0425
2013-11-30,-0.0146
2013-12-31,-0.0048
2014-01-31,-0.059000000000000004
2014-02-28,0.0359
2014-03-31,0.0255
2014-04-30,0.005600000000000001
2014-05-31,0.0388
2014-06-30,0.030600000000000002
2014-07-31,0.0168
2014-08-31,0.0217
2014-09-30,-0.062400000000000004
2014-10-31,0.004699999999999999
2014-11-30,-0.0113
2014-12-31,-0.039599999999999996
2015-01-31,0.0078000000000000005
2015-02-28,0.0256
2015-03-31,-0.0106
2015-04-30,0.0729
2015-05-31,-0.0286
2015-06-30,-0.023399999999999997
2015-07-31,-0.0672
2015-08-31,-0.0877
2015-09-30,-0.020499999999999997
2015-10-31,0.0711
2015-11-30,-0.0281
2015-12-31,-0.0162
2016-01-31,-0.0626
2016-02-29,-0.0059
2016-03-31,0.1208
2016-04-30,0.0126
2016-05-31,-0.035
2016-06-30,0.041299999999999996
2016-07-31,0.0467
2016-08-31,0.024300000000000002
2016-09-30,0.0124
2016-10-31,-0.0016
2016-11-30,-0.044800000000000006
2016-12-31,0.004300000000000001
2017-01-31,0.0524
2017-02-28,0.0347
2017-03-31,0.028099999999999997
2017-04-30,0.0177
2017-05-31,0.0246
2017-06-30,0.0077
2017-07-31,0.05310000000000001
2017-08-31,0.020499999999999997
2017-09-30,-0.0024000000000000002
2017-10-31,0.0329
2017-11-30,0.005
2017-12-31,0.036199999999999996
2018-01-31,0.0775
2018-02-28,-0.0434
2018-03-31,-0.014500000000000002
2018-04-30,-0.0051
2018-05-31,-0.029299999999999996
2018-06-30,-0.0432
2018-07-31,0.0196
2018-08-31,-0.0255
2018-09-30,-0.011800000000000001
2018-10-31,-0.0868
2018-11-30,0.044399999999999995
2018-12-31,-0.020500000000000004
2019-01-31,0.07479999999999999
2019-02-28,0.0032
2019-03-31,0.009899999999999999
2019-04-30,0.0172
2019-05-31,-0.061399999999999996
2019-06-30,0.0558
2019-07-31,-0.0164
2019-08-31,-0.044500000000000005
2019-09-30,0.021400000000000002
2019-10-31,0.039299999999999995
2019-11-30,-0.0028000000000000004
2019-12-31,0.0705
2020-01-31,-0.045
2020-02-29,-0.055
2020-03-31,-0.1697
2020-04-30,0.1008
2020-05-31,0.0166
2020-06-30,0.0731
2020-07-31,0.08289999999999999
2020-08-31,0.025599999999999998
2020-09-30,-0.0171
2020-10-31,0.0167
2020-11-30,0.1014
2020-12-31,0.0744
2021-01-31,0.021099999999999997
2021-02-28,0.0206
2021-03-31,-0.006500000000000001
2021-04-30,0.0297
2021-05-31,0.0242
2021-06-30,0.0060999999999999995
2021-07-31,-0.0545
2021-08-31,0.0232
2021-09-30,-0.031
2021-10-31,0.0059
2021-11-30,-0.035699999999999996
2021-12-31,0.024
2022-01-31,-0.0217
2022-02-28,-0.029300000000000003
2022-03-31,-0.015700000000000002
2022-04-30,-0.0526
2022-05-31,0.0029000000000000002
2022-06-30,-0.06709999999999999
2022-07-31,0.0032
2022-08-31,0.009399999999999999
2022-09-30,-0.1057
2022-10-31,-0.0176
2022-11-30,0.1284
2022-12-31,-0.011399999999999999
2023-01-31,0.0662
2023-02-28,-0.0533
2023-03-31,0.0263
2023-04-30,-0.0038
2023-05-31,-0.010899999999999998
2023-06-30,0.0412
2023-07-31,0.057800000000000004
2023-08-31,-0.048799999999999996
2023-09-30,-0.022
2023-10-31,-0.0395
2023-11-30,0.0776
2023-12-31,0.0391
2024-01-31,-0.0408
2024-02-29,0.0401
2024-03-31,0.016399999999999998
2024-04-30,0.0059
2024-05-31,0.0101
2024-06-30,0.029300000000000003
2024-07-31,0.0049
2024-08-31,0.0136
2024-09-30,0.0582
2024-10-31,-0.0364
2024-11-30,-0.029900000000000003
2024-12-31,-0.0039000000000000003
2025-01-31,0.0102
2025-02-28,-0.0033
2025-03-31,0.0053
2025-04-30,0.014199999999999999
2025-05-31,0.0493
2025-06-30,0.057699999999999994
2025-07-31,0.015600000000000001
2025-08-31,0.0218
2025-09-30,0.055200000000000006
2025-10-31,0.035
2025-11-30,-0.021100000000000004
2025-12-31,0.0254
2026-01-31,0.0773
2026-02-28,0.0519
2026-03-31,-0.1207
2026-04-30,0.1392
2026-05-31,0.0775
2026-06-30,-0.0169
